iata,icao,total_delegates_GDP,country_code,airport,latitude,longitude,distance_to_baku,existing_flight,closest,second_c,third_c,fourth_c,fifth_c,sixth_c,seventh_c,eigth_c,nineth_c,tenth_c,to_baku
GRU,SBGR,3643,BR,Sao Paulo/Guarulhos International Airport,-23.4262,-46.48,12193.41526,FALSE,LEMG,KORD,DAAG,EINN,EGLL,EGGW,LIMC,EGSS,LIME,ELLX,UBBB
LOS,DNMM,1549,NG,Murtala Muhammed International Airport,6.57737,3.32116,5965.028837,FALSE,DAAG,LEMG,LGAV,OEJN,LIMC,LTBS,LIME,LTBJ,LLBG,LTAI,UBBB
CGK,WIII,1615,ID,Soekarno–Hatta International Airport,-6.12556,106.656,7741.302075,FALSE,WSSS,VVTS,VVNB,VHHH,VGHS,ZSPD,ZHCC,VABB,VIDP,ZBAA,UBBB
HND,RJTT,2306,JP,Haneda Airport,35.5533,139.781,7540.066371,FALSE,RJAA,RJBB,RKSI,ZSPD,ZBAA,ZHCC,VHHH,VVNB,VVTS,WSSS,UBBB
RBA,GMME,861,MA,Rabat-Sale Airport,34.0515,-6.75152,5001.845892,FALSE,LEMG,DAAG,EGLL,EINN,EGGW,EGSS,LIMC,LIME,EBBR,ELLX,UBBB
CDG,LFPG,1614,FR,Paris Charles de Gaulle Airport,49.0097,2.54778,3813.218423,FALSE,EBBR,EGSS,ELLX,EHEH,EGLL,EHAM,EGGW,EDFH,EDDK,EDDF,UBBB
JFK,KJFK,8220,US,John F. Kennedy International Airport,40.6397,-73.7789,9383.682266,FALSE,KORD,EINN,LEMG,EGLL,EGGW,EGSS,DAAG,EBBR,EHAM,EHEH,UBBB
NBO,HKJK,798,KE,Jomo Kenyatta International Airport,-1.31924,36.9278,4815.384589,FALSE,OEJN,OERK,OTHH,OEDF,OBBI,OMAA,OMDW,OMDB,OKBK,OMSJ,UBBB
DAR,HTDA,785,TZ,Julius Nyerere International Airport,-6.87811,39.2026,5358.73003,FALSE,OEJN,OERK,OTHH,OMAA,OEDF,OBBI,OMDW,OMDB,OMSJ,OKBK,UBBB
YOW,CYOW,1368,CA,Ottawa Macdonald-Cartier International Airport,45.3225,-75.6692,9076.534681,FALSE,KORD,EINN,LEMG,EGLL,EGGW,EGSS,DAAG,EBBR,EHAM,EHEH,UBBB
KUL,WMKK,819,MY,Kuala Lumpur International Airport,2.74558,101.71,6649.756799,FALSE,WSSS,VVTS,VVNB,VHHH,VGHS,VABB,ZHCC,ZSPD,VIDP,ZBAA,UBBB
ACC,DGAA,640,GH,Kotoka International Airport,5.60519,-0.166786,6310.70612,FALSE,DAAG,LEMG,LGAV,LIMC,LIME,OEJN,LTBS,LTBJ,LDZA,LLBG,UBBB
EBB,HUEN,619,UG,Entebbe International Airport,0.042386,32.4435,4818.635066,FALSE,OEJN,OERK,OEDF,OTHH,OBBI,LLBG,OMAA,OKBK,OMDW,OMDB,UBBB
FIH,FZAA,609,CD,N'djili Airport,-4.38575,15.4446,6092.616788,FALSE,OEJN,LLBG,DAAG,OERK,LGAV,LTBS,LCLK,LTFG,LTAI,LTBJ,UBBB
CAI,HECA,705,EG,Cairo International Airport,30.1219,31.4056,2040.673884,FALSE,LLBG,LCLK,LTFG,LTAI,LTBS,LTAF,LTBJ,LTAU,LTAC,LGAV,UBBB
DKR,GOOY,568,SN,Leopold Sedar Senghor International Airport,14.7397,-17.4902,7067.514688,FALSE,LEMG,DAAG,EINN,EGLL,LIMC,EGGW,EGSS,LIME,ELLX,EBBR,UBBB
NDJ,FTTJ,558,TD,N'Djamena International Airport,12.1337,15.034,4643.885165,FALSE,OEJN,DAAG,LGAV,LLBG,LTBS,LTBJ,LTAI,LCLK,LTFG,LEMG,UBBB
FCO,LIRF,1133,IT,Rome–Fiumicino International Airport,41.8003,12.2389,3152.269441,FALSE,LIME,LIMC,LDZA,EDDM,LZIB,LYBE,LHBP,EDDF,EDFH,EDDP,UBBB
BER,EDDB,1664,DE,Berlin Brandenburg Airport,52.3514,13.4939,3062.670836,FALSE,EDDP,EDDM,EDDF,LZIB,EDDK,EDFH,LDZA,LHBP,LIME,ELLX,UBBB
LUN,FLLS,454,ZM,Kenneth Kaunda International Airport,-15.3308,28.4526,6568.630522,FALSE,OEJN,OERK,OTHH,OEDF,OBBI,OMAA,LLBG,OMDW,OKBK,OMDB,UBBB
AMM,OJAI,458,JO,Queen Alia International Airport,31.7226,35.9932,1591.355219,FALSE,LLBG,LCLK,LTAF,LTFG,LTAU,LTAI,LTBS,LTAC,ORER,OEJN,UBBB
BGW,ORBI,519,IQ,Baghdad International Airport,33.2625,44.2346,952.3031351,FALSE,ORER,OKBK,UGTB,OERK,OEDF,UBBB,LLBG,OBBI,LTAF,LTAU,UBBB
JNB,FAOR,529,ZA,O. R. Tambo International Airport,-26.1392,28.246,7711.493006,FALSE,OEJN,OERK,OTHH,OEDF,OBBI,OMAA,OMDW,OMDB,OMSJ,LLBG,UBBB
SYD,YSSY,900,AU,Sydney Airport (Kingsford Smith Airport),-33.9461,151.177,13218.36079,FALSE,WSSS,VVTS,VHHH,RJBB,RJAA,ZSPD,VVNB,RKSI,ZHCC,ZBAA,UBBB
NQZ,UACC,469,KZ,Nursultan Nazarbayev International Airport,51.0222,71.4669,2026.148485,FALSE,UCFM,USTR,UAAA,UNNT,USSS,UTSB,UWUU,USPP,OPSR,UWWW,UBBB
ABJ,DIAP,422,CI,Port Bouet Airport (Felix Houphouet Boigny Int'l),5.26139,-3.92629,6632.468782,FALSE,LEMG,DAAG,LIMC,LIME,LGAV,LDZA,LTBJ,LTBS,ELLX,EDDM,UBBB
MCT,OOMS,414,OM,Muscat International Airport,23.5933,58.2844,2024.111713,FALSE,OMSJ,OMDB,OMDW,OMAA,OTHH,OBBI,OEDF,OERK,OKBK,VABB,UBBB
BOG,SKBO,479,CO,El Dorado International Airport,4.70159,-74.1469,12453.99325,FALSE,KORD,LEMG,EINN,DAAG,EGLL,EGGW,EGSS,EBBR,ELLX,EHAM,UBBB
MGQ,HCMM,369,SO,Aden Adde International Airport,2.01444,45.3047,4285.47788,FALSE,OEJN,OERK,OTHH,OMAA,OBBI,OEDF,OMDW,OMDB,OMSJ,OKBK,UBBB
MNL,RPLL,460,PH,Ninoy Aquino International Airport / Villamor Air Base,14.5086,121.02,7374.573488,FALSE,VHHH,VVTS,VVNB,ZSPD,ZHCC,WSSS,RKSI,RJBB,ZBAA,RJAA,UBBB
HRE,FVHA,345,ZW,Robert Gabriel Mugabe International Airport,-17.9318,31.0928,6756.557936,FALSE,OEJN,OERK,OTHH,OEDF,OBBI,OMAA,OMDW,OMDB,OMSJ,LLBG,UBBB
LLW,FWKI,309,MW,Lilongwe International Airport (Kamuzu Int'l),-13.7894,33.781,6237.352198,FALSE,OEJN,OERK,OTHH,OEDF,OBBI,OMAA,OMDW,OMDB,OMSJ,OKBK,UBBB
SCL,SCEL,389,CL,Comodoro Arturo Merino Benitez International Airport,-33.393,-70.7858,14791.50321,FALSE,KORD,LEMG,DAAG,EINN,EGLL,EGGW,EGSS,LIMC,LIME,EBBR,UBBB
SCL,SCEL,389,CL,Arturo Merino Benítez International Airport,-33.3928,-70.7856,14791.47667,FALSE,KORD,LEMG,DAAG,EINN,EGLL,EGGW,EGSS,LIMC,LIME,EBBR,UBBB
TAS,UTTT,322,UZ,Tashkent International Airport,41.2579,69.2812,1620.709863,FALSE,UTSB,UCFM,UAAA,OPSR,VIDP,USTR,USSS,UWUU,UNNT,UBBB,UBBB
COO,DBBB,302,BJ,Cadjehoun Airport,6.35723,2.38435,6054.241645,FALSE,DAAG,LEMG,LGAV,LIMC,OEJN,LIME,LTBS,LTBJ,LLBG,LDZA,UBBB
BKK,VTBS,438,TH,Suvarnabhumi Airport,13.6811,100.747,5735.625452,FALSE,VVTS,VVNB,WSSS,VGHS,VHHH,ZHCC,ZSPD,VIDP,VABB,ZBAA,UBBB
LAD,FNLU,321,AO,Quatro de Fevereiro Airport,-8.85837,13.2312,6641.783414,FALSE,OEJN,LLBG,DAAG,OERK,LGAV,LTBS,LCLK,LEMG,LTFG,LTAI,UBBB
NKC,GQNO,288,MR,Nouakchott-Oumtounsy International Airport,18.31,-15.9697,6698.552715,FALSE,LEMG,DAAG,EINN,EGLL,LIMC,EGGW,EGSS,LIME,ELLX,EBBR,UBBB
BZV,FCBB,289,CG,Maya-Maya Airport,-4.2517,15.253,6091.364505,FALSE,OEJN,LLBG,DAAG,OERK,LGAV,LTBS,LCLK,LTFG,LTAI,LTBJ,UBBB
BZV,FCBB,289,CG,Maya–Maya Airport,-4.25167,15.2531,6091.355783,FALSE,OEJN,LLBG,DAAG,OERK,LGAV,LTBS,LCLK,LTFG,LTAI,LTBJ,UBBB
ADD,HAAB,312,ET,Addis Ababa Bole International Airport,8.97778,38.7994,3662.082735,FALSE,OEJN,OERK,OEDF,OTHH,OBBI,OMAA,OKBK,OMDW,OMDB,LLBG,UBBB
ADD,HAAB,312,ET,Bole International Airport,8.97789,38.7993,3662.074043,FALSE,OEJN,OERK,OEDF,OTHH,OBBI,OMAA,OKBK,OMDW,OMDB,LLBG,UBBB
CPH,EKCH,388,DK,Copenhagen Airport,55.6179,12.656,3200.504365,FALSE,EDDP,ENGM,EDDF,EDDK,EDDM,EDFH,EHEH,EHAM,LZIB,ELLX,UBBB
ARN,ESSA,427,SE,Stockholm Arlanda Airport,59.6519,17.9186,3082.571466,FALSE,EVRA,ENGM,EFHK,EDDP,LZIB,UMMS,LHBP,ULLI,EDDM,EDDF,UBBB
LFW,DXXX,252,TG,Lome-Tokoin Airport (Gnassingbe Eyadema Int'l),6.16561,1.25451,6156.377257,FALSE,DAAG,LEMG,LGAV,LIMC,LIME,OEJN,LTBS,LTBJ,LDZA,LLBG,UBBB
MAD,LEMD,661,ES,Adolfo Suarez Madrid-Barajas Airport,40.4719,-3.56264,4473.19793,FALSE,LEMG,DAAG,EGLL,EGGW,EGSS,EBBR,LIMC,EINN,ELLX,EHEH,UBBB
KTM,VNKT,253,NP,Tribhuvan International Airport,27.6966,85.3591,3523.630431,FALSE,VGHS,VIDP,OPSR,VABB,UAAA,UCFM,VVNB,UTSB,VVTS,UNNT,UBBB
BJL,GBYD,0,GM,Banjul International Airport,13.338,-16.6522,7092.972178,FALSE,LEMG,DAAG,EINN,LIMC,EGLL,LIME,EGGW,EGSS,ELLX,EBBR,UBBB
ISB,OPIS,348,PK,Islamabad International Airport,33.5607,72.8516,2161.736759,FALSE,OPSR,VIDP,UCFM,UTSB,UAAA,VABB,OMSJ,OMDB,OMDW,VGHS,UBBB
SOF,LBSF,260,BG,Sofia Airport,42.6967,23.4114,2225.568456,FALSE,LYBE,LGAV,LTFM,LTBA,LTBJ,LTFJ,LHBP,LDZA,LTBS,LZIB,UBBB
CMB,VCBI,256,LK,Bandaranaike International Airport,7.18076,79.8841,4731.243713,FALSE,VABB,VGHS,VIDP,WSSS,OPSR,VVTS,VVNB,OMSJ,OMDW,OMDB,UBBB
KGL,HRYR,227,RW,Kigali International Airport (Kanombe Airport),-1.96863,30.1395,5116.471687,FALSE,OEJN,OERK,LLBG,OEDF,OTHH,OBBI,OKBK,OMAA,OMDW,LCLK,UBBB
TUN,DTTA,235,TN,Tunis-Carthage International Airport,36.851,10.2272,3459.60243,FALSE,DAAG,LIME,LIMC,LDZA,EDDM,LYBE,EDDF,LZIB,ELLX,EDFH,UBBB
TUN,DTTA,235,TN,Tunis–Carthage International Airport,36.8511,10.2272,3459.598799,FALSE,DAAG,LIME,LIMC,LDZA,EDDM,LYBE,EDDF,LZIB,ELLX,EDFH,UBBB
WDH,FYWH,216,,Hosea Kutako International Airport,-22.4799,17.4709,7742.938867,FALSE,OEJN,OERK,LLBG,OEDF,OTHH,OBBI,LCLK,OMAA,OKBK,LTBS,UBBB
LIS,LPPT,286,PT,Lisbon Portela Airport,38.7813,-9.13592,4986.926296,FALSE,LEMG,DAAG,EINN,EGLL,EGGW,EGSS,EBBR,ELLX,LIMC,EHEH,UBBB
CKY,GUCY,214,GN,Conakry International Airport (Gbessia Int'l Airport),9.57689,-13.612,7102.33592,FALSE,LEMG,DAAG,LIMC,LIME,EINN,EGLL,EGGW,EGSS,ELLX,EBBR,UBBB
CKY,GUCY,214,NA,Ahmed Sékou Touré International Airport,9.57689,-13.612,7102.33592,FALSE,LEMG,DAAG,LIMC,LIME,EINN,EGLL,EGGW,EGSS,ELLX,EBBR,UBBB
OUA,DFFD,212,BF,Ouagadougou Airport,12.3532,-1.51242,5902.667753,FALSE,LEMG,DAAG,LIMC,LIME,LGAV,LDZA,ELLX,EDDM,EDFH,LTBJ,UBBB
ROB,GLRB,198,LR,Roberts International Airport,6.23379,-10.3623,7077.669006,FALSE,LEMG,DAAG,LIMC,LIME,EGLL,ELLX,EINN,LGAV,EGGW,EGSS,UBBB
LIM,SPIM,266,PE,Jorge Chavez International Airport,-12.0219,-77.1143,13990.74545,FALSE,KORD,LEMG,DAAG,EINN,EGLL,EGGW,EGSS,EBBR,LIMC,ELLX,UBBB
TNR,FMMI,193,MG,Ivato International Airport,-18.7969,47.4788,6566.025374,FALSE,OEJN,OERK,OMAA,OTHH,OMDW,OMDB,OMSJ,OBBI,OEDF,VABB,UBBB
FNA,GFLL,190,SL,Lungi International Airport,8.61644,-13.1955,7136.829725,FALSE,LEMG,DAAG,LIMC,LIME,EINN,EGLL,EGGW,EGSS,ELLX,EBBR,UBBB
GBE,FBSK,192,BW,Sir Seretse Khama International Airport,-24.5552,25.9182,7619.993522,FALSE,OEJN,OERK,OTHH,OEDF,OBBI,OMAA,LLBG,OMDW,OMDB,OMSJ,UBBB
LBV,FOOL,192,GA,Léon-Mba International Airport,0.458611,9.41222,6037.103427,FALSE,OEJN,DAAG,LEMG,LGAV,LLBG,LTBS,LTBJ,LCLK,LTAI,LTFG,UBBB
LBV,FOOL,192,GA,Libreville International Airport,0.4586,9.41228,6037.100304,FALSE,OEJN,DAAG,LEMG,LGAV,LLBG,LTBS,LTBJ,LCLK,LTAI,LTFG,UBBB
SSG,FGSL,184,GQ,Malabo International Airport (Saint Isabel Airport),3.75527,8.70872,5801.314876,FALSE,DAAG,OEJN,LEMG,LGAV,LLBG,LTBS,LTBJ,LTAI,LCLK,LTFG,UBBB
IEV,UKKK,227,UA,Kyiv International Airport (Zhuliany),50.4019,30.4519,1879.92376,FALSE,UKBB,UMMS,UUWW,UUOO,UUEE,UUDD,EVRA,UUBW,LTFM,ULLI,UBBB
AEP,SABE,364,AR,Aeroparque Internacional Jorge Newbery,-34.5589,-58.4164,13837.22432,FALSE,KORD,LEMG,DAAG,EINN,EGLL,EGGW,EGSS,LIMC,LIME,EBBR,UBBB
BJM,HBBA,173,BI,Bujumbura International Airport,-3.32402,29.3185,5289.276838,FALSE,OEJN,OERK,LLBG,OEDF,OTHH,OBBI,OKBK,OMAA,OMDW,LCLK,UBBB
MPM,FQMA,176,MZ,Maputo International Airport,-25.9208,32.5726,7569.040529,FALSE,OEJN,OERK,OTHH,OMAA,OEDF,OBBI,OMDW,OMDB,OMSJ,OKBK,UBBB
ROR,PTRO,162,PW,Roman Tmetuchl International Airport,7.36731,134.544,9019.265783,FALSE,VHHH,ZSPD,RJBB,VVTS,RJAA,WSSS,RKSI,VVNB,ZHCC,ZBAA,UBBB
BEY,OLBA,167,LB,Beirut-Rafic Hariri International Airport / Beirut Air Base,33.8209,35.4884,1486.139771,FALSE,LLBG,LCLK,LTAF,LTFG,LTAU,LTAI,LTAC,LTBS,ORER,LTFJ,UBBB
JUB,HJJJ,158,SS,Juba International Airport,4.87201,31.6011,4353.718112,FALSE,OEJN,OERK,LLBG,OEDF,OTHH,OBBI,OKBK,LCLK,OMAA,OMDW,UBBB
YAO,FKKY,169,CM,Yaounde Airport,3.83604,11.5235,5598.149117,FALSE,OEJN,DAAG,LGAV,LEMG,LLBG,LTBS,LTBJ,LCLK,LTAI,LTFG,UBBB
SAH,OYSN,0,YE,Sana'a International Airport (El Rahaba Airport),15.4763,44.2197,2826.730738,FALSE,OEJN,OERK,OTHH,OEDF,OBBI,OMAA,OKBK,OMDW,OMDB,OMSJ,UBBB
SAH,OYSN,0,YE,Sana'a International Airport,15.4764,44.2197,2826.719854,FALSE,OEJN,OERK,OTHH,OEDF,OBBI,OMAA,OKBK,OMDW,OMDB,OMSJ,UBBB
TIP,HLLT,163,LY,Tripoli International Airport,32.6635,13.159,3387.002742,FALSE,DAAG,LGAV,LDZA,LIME,LIMC,LYBE,LTBJ,EDDM,LHBP,LZIB,UBBB
WAW,EPWA,351,PL,Warsaw Chopin Airport,52.1657,20.9671,2564.300517,FALSE,LHBP,LZIB,EVRA,UMMS,LYBE,LDZA,EDDP,EFHK,EDDM,UKBB,UBBB
TLL,EETN,158,EE,Tallinn Airport (Lennart Meri Tallinn Airport),59.4133,24.8328,2743.743782,FALSE,EFHK,EVRA,ULLI,UMMS,UKBB,UUWW,UUEE,LHBP,LZIB,UUDD,UBBB
BKO,GABS,152,ML,Bamako-Senou International Airport,12.5335,-7.94994,6419.025436,FALSE,LEMG,DAAG,LIMC,LIME,EGLL,ELLX,EGGW,EINN,EGSS,EBBR,UBBB
FCO,LIRF,0,IT,Rome–Fiumicino International Airport,41.8003,12.2389,3152.269441,FALSE,LIME,LIMC,LDZA,EDDM,LZIB,LYBE,LHBP,EDDF,EDFH,EDDP,UBBB
TGU,MHTG,148,HN,Toncontin International Airport,14.0609,-87.2172,12537.52984,FALSE,KORD,LEMG,EINN,DAAG,EGLL,EGGW,EGSS,EBBR,EHAM,EHEH,UBBB
TGU,MHTG,148,HN,Toncontín International Airport,14.0617,-87.2169,12537.43833,FALSE,KORD,LEMG,EINN,DAAG,EGLL,EGGW,EGSS,EBBR,EHAM,EHEH,UBBB
MEX,MMMX,566,MX,Mexico City International Airport,19.4363,-99.0721,12646.47827,FALSE,KORD,EINN,LEMG,EGLL,DAAG,EGGW,EGSS,EBBR,EHAM,EHEH,UBBB
DUB,EIDW,291,IE,Dublin Airport,53.4213,-6.27007,4393.399566,FALSE,EINN,EGGW,EGLL,EGSS,EBBR,EHAM,EHEH,ELLX,EDDK,EDFH,UBBB
NIM,DRRN,139,NE,Diori Hamani International Airport,13.4815,2.18361,5520.715204,FALSE,DAAG,LEMG,LGAV,LIMC,LIME,LDZA,LTBJ,LTBS,EDDM,LYBE,UBBB
SUV,NFNA,135,FJ,Nausori International Airport,-18.0433,178.559,14530.46437,FALSE,RJAA,RJBB,ZSPD,RKSI,VHHH,WSSS,VVTS,VVNB,ZHCC,ZBAA,UBBB
WLG,NZWN,207,NZ,Wellington International Airport,-41.3272,174.805,15446.46104,FALSE,WSSS,RJAA,RJBB,VVTS,VHHH,ZSPD,RKSI,VVNB,ZHCC,ZBAA,UBBB
FRU,UAFM,136,KG,Manas International Airport,43.0613,74.4776,2044.485108,FALSE,UCFM,UAAA,UTSB,OPSR,UNNT,VIDP,USTR,USSS,UWUU,UNKL,UBBB
ULN,ZMUB,138,MN,Chinggis Khaan International Airport,47.8431,106.767,4506.38466,FALSE,ZBAA,ZHCC,UNKL,RKSI,ZSPD,UNNT,VHHH,VVNB,VGHS,UAAA,UBBB
SEZ,FSIA,133,SC,Seychelles International Airport,-4.67434,55.5218,5029.555575,FALSE,OMAA,VABB,OMDW,OMDB,OMSJ,OTHH,OERK,OEJN,OBBI,OEDF,UBBB
DYU,UTDD,133,TJ,Dushanbe International Airport,38.5433,68.825,1625.982404,FALSE,UTSB,UCFM,OPSR,UAAA,VIDP,OMSJ,UBBB,OMDB,USTR,OMDW,UBBB
BGF,FEFF,130,CF,Bangui M'Poko International Airport,4.39848,18.5188,5091.020765,FALSE,OEJN,LLBG,LTBS,LGAV,LCLK,LTFG,LTAI,OERK,LTBJ,DAAG,UBBB
POM,AYPY,135,PG,Jacksons International Airport,-9.44338,147.22,11292.329,FALSE,WSSS,VVTS,RJBB,RJAA,VHHH,ZSPD,RKSI,VVNB,ZHCC,ZBAA,UBBB
UIO,SEQM,158,EC,Mariscal Sucre International Airport,-0.129167,-78.3575,13164.10873,FALSE,KORD,LEMG,EINN,DAAG,EGLL,EGGW,EGSS,EBBR,ELLX,EHAM,UBBB
VIE,LOWW,260,AT,Vienna International Airport,48.1103,16.5697,2778.447666,FALSE,LZIB,LDZA,LHBP,EDDM,LYBE,EDDP,LIME,LIMC,EDDF,EDFH,UBBB
SDQ,MDSD,147,DO,Las Americas International Airport,18.4297,-69.6689,11000.69163,FALSE,KORD,LEMG,EINN,DAAG,EGLL,EGGW,EGSS,EBBR,EHAM,EHEH,UBBB
PNH,VDPP,121,KH,Phnom Penh International Airport,11.5466,104.844,6226.043105,FALSE,VVTS,VVNB,WSSS,VHHH,VGHS,ZHCC,ZSPD,ZBAA,VIDP,VABB,UBBB
HAV,MUHA,296,CU,Jose Marti International Airport,22.9892,-82.4091,11435.78308,FALSE,KORD,LEMG,EINN,DAAG,EGLL,EGGW,EGSS,EBBR,EHAM,EHEH,UBBB
OTP,LROP,198,RO,Bucharest Henri Coandă International Airport,44.5711,26.085,2013.208129,FALSE,LTFM,LTBA,LTFJ,LYBE,LTBJ,LGAV,LHBP,UKBB,LTAC,LTBS,UBBB
PBH,VQPR,106,BT,Paro International Airport,27.4032,89.4246,3879.516413,FALSE,VGHS,VIDP,OPSR,VVNB,VABB,UAAA,UCFM,VVTS,VHHH,ZHCC,UBBB
HAH,FMCH,105,KM,Prince Said Ibrahim International Airport,-11.5337,43.2719,5799.222536,FALSE,OEJN,OERK,OMAA,OTHH,OMDW,OBBI,OEDF,OMDB,OMSJ,OKBK,UBBB
ASB,UTAA,117,TM,Ashgabat International Airport,37.9868,58.361,768.5490267,FALSE,UTSB,UBBB,OMSJ,OMDB,URWA,OMDW,OKBK,UGTB,OBBI,OMAA,UBBB
VLI,NVVV,99,VU,Bauerfield International Airport,-17.6993,168.32,13647.64468,FALSE,RJAA,RJBB,WSSS,ZSPD,VHHH,VVTS,RKSI,VVNB,ZHCC,ZBAA,UBBB
ASU,SGAS,110,PY,Silvio Pettirossi International Airport,-25.24,-57.52,13225.08775,FALSE,KORD,LEMG,DAAG,EINN,EGLL,EGGW,EGSS,LIMC,LIME,EBBR,UBBB
PTY,MPTO,114,PA,Tocumen International Airport,9.07136,-79.3835,12469.44499,FALSE,KORD,LEMG,EINN,DAAG,EGLL,EGGW,EGSS,EBBR,EHAM,ELLX,UBBB
GUA,MGGT,119,GT,La Aurora International Airport,14.5833,-90.5275,12683.1295,FALSE,KORD,LEMG,EINN,DAAG,EGLL,EGGW,EGSS,EBBR,EHAM,EHEH,UBBB
GUA,MGGT,119,GT,La Aurora International Airport,14.5817,-90.5267,12683.23434,FALSE,KORD,LEMG,EINN,DAAG,EGLL,EGGW,EGSS,EBBR,EHAM,EHEH,UBBB
KEF,BIKF,99,IS,Keflavík International Airport,63.985,-22.6056,5232.736609,FALSE,EINN,EGGW,EGLL,EGSS,EHAM,EBBR,EHEH,ELLX,EDDK,LEMG,UBBB
EVN,UDYZ,90,AM,Zvartnots International Airport,40.1473,44.3959,481.6035588,FALSE,UGTB,ORER,URMM,UBBB,URWA,URKK,URRP,URWW,LTAU,LTAF,UBBB
BWN,WBSB,89,BN,Brunei International Airport,4.9442,114.928,7541.163941,FALSE,VVTS,WSSS,VHHH,VVNB,ZSPD,ZHCC,VGHS,RKSI,ZBAA,RJBB,UBBB
BGI,TBPB,82,BB,Grantley Adams International Airport,13.0746,-59.4925,10666.15473,FALSE,KORD,LEMG,EINN,DAAG,EGLL,EGGW,EGSS,EBBR,ELLX,EHAM,UBBB
TBU,NFTF,79,TO,Fua'amotu International Airport,-21.2412,-175.15,15268.68953,FALSE,KORD,LEMG,EINN,DAAG,EGLL,EGGW,EGSS,EBBR,EHAM,EHEH,UBBB
JIB,HDAM,79,DJ,Djibouti-Ambouli International Airport,11.5473,43.1595,3275.085134,FALSE,OEJN,OERK,OTHH,OEDF,OBBI,OMAA,OMDW,OKBK,OMDB,OMSJ,UBBB
NAS,MYNN,78,BS,Lynden Pindling International Airport,25.039,-77.4662,10955.00207,FALSE,KORD,LEMG,EINN,EGLL,DAAG,EGGW,EGSS,EBBR,EHAM,EHEH,UBBB
THR,OIII,194,IR,Mehrabad International Airport,35.6892,51.3134,541.8824185,FALSE,UBBB,OKBK,ORER,UGTB,OEDF,OBBI,OTHH,URWA,OMSJ,OMDB,UBBB
CXI,PLCH,71,KI,Cassidy International Airport,1.98616,-157.35,14547.61179,FALSE,KORD,LEMG,EINN,DAAG,EGLL,EGGW,EGSS,EBBR,EHAM,EHEH,UBBB
MLE,VRMM,71,MV,Velana International Airport,4.19183,73.5291,4656.658423,FALSE,VABB,VIDP,VGHS,OMDW,OMAA,OMSJ,OMDB,OPSR,OTHH,WSSS,UBBB
DIL,WPDL,70,TL,Presidente Nicolau Lobato International Airport,-8.5464,125.526,9415.145558,FALSE,WSSS,VVTS,VHHH,VVNB,ZSPD,RJBB,ZHCC,RKSI,RJAA,VGHS,UBBB
RMI,LIPR,65,IT,Federico Fellini International Airport,44.0203,12.6117,3087.86534,FALSE,LIME,LDZA,LIMC,EDDM,LZIB,EDDF,EDDP,LHBP,LYBE,EDFH,UBBB
PRG,LKPR,146,CZ,Vaclav Havel Airport Prague,50.1008,14.26,2970.336202,FALSE,EDDP,EDDM,LZIB,LDZA,LHBP,EDDF,LIME,EDFH,LIMC,EDDK,UBBB
MTS,FDMS,62,SZ,Matsapha Airport,-26.529,31.3075,7666.425543,FALSE,OEJN,OERK,OTHH,OMAA,OEDF,OBBI,OMDW,OMDB,OMSJ,OKBK,UBBB
BZE,MZBZ,59,BZ,Philip S. W. Goldson International Airport,17.5391,-88.3082,12279.82129,FALSE,KORD,LEMG,EINN,DAAG,EGLL,EGGW,EGSS,EBBR,EHAM,EHEH,UBBB
MRU,FIMP,60,MU,Sir Seewoosagur Ramgoolam International Airport,-20.4302,57.6836,6787.787465,FALSE,VABB,OMAA,OMDW,OMDB,OMSJ,OEJN,OTHH,OERK,OBBI,OEDF,UBBB
LJU,LJLJ,74,SK,Ljubljana Joze Pucnik Airport (Brnik Airport),46.2237,14.4576,2929.552752,FALSE,LDZA,LZIB,EDDM,LIME,LHBP,EDDP,LIMC,LYBE,EDDF,EDFH,UBBB
HIR,AGGH,56,SB,Honiara International Airport,-9.428,160.055,12378.28373,FALSE,RJAA,RJBB,ZSPD,VHHH,WSSS,VVTS,RKSI,VVNB,ZHCC,ZBAA,UBBB
FUN,NGFU,54,TV,Funafuti International Airport,-8.525,179.196,13887.43258,FALSE,RJAA,RJBB,ZSPD,RKSI,VHHH,VVTS,WSSS,ZHCC,VVNB,ZBAA,UBBB
APW,NSFA,53,WS,Faleolo International Airport,-13.83,-172.008,14985.24548,FALSE,KORD,LEMG,EINN,DAAG,EGLL,EGGW,EGSS,EBBR,EHAM,EHEH,UBBB
ZRH,LSZH,293,CH,Zurich Airport,47.4647,8.54917,3377.098282,FALSE,LIMC,LIME,EDDF,EDFH,ELLX,EDDM,EDDK,EHEH,EBBR,EDDP,UBBB
MSU,FXMM,49,LS,Moshoeshoe I International Airport,-29.4623,27.5525,8083.072349,FALSE,OEJN,OERK,OTHH,OEDF,OBBI,OMAA,OMDW,OMDB,OMSJ,LLBG,UBBB
SKB,TKPK,48,KN,Robert L. Bradshaw International Airport,17.3112,-62.7187,10584.4763,FALSE,KORD,LEMG,EINN,DAAG,EGLL,EGGW,EGSS,EBBR,EHAM,ELLX,UBBB
SKB,TKPK,48,KN,Robert L. Bradshaw Airport,17.3114,-62.7186,10584.4531,FALSE,KORD,LEMG,EINN,DAAG,EGLL,EGGW,EGSS,EBBR,EHAM,ELLX,UBBB
MLA,LMML,52,MT,Malta International Airport (Luqa Airport),35.8575,14.4775,3137.273814,FALSE,LGAV,LDZA,LYBE,LIME,DAAG,LIMC,LHBP,LZIB,EDDM,LTBJ,UBBB
LPB,SLLP,59,BO,El Alto International Airport,-16.5133,-68.1923,13564.94073,FALSE,KORD,LEMG,DAAG,EINN,EGLL,EGGW,EGSS,LIMC,EBBR,ELLX,UBBB
SJJ,LQSA,53,BA,Sarajevo International Airport,43.8246,18.3315,2631.558381,FALSE,LYBE,LDZA,LHBP,LZIB,EDDM,LGAV,LIME,EDDP,LIMC,LTBJ,UBBB
ECN,LCEN,55,CY,Ercan International Airport,35.1547,33.4961,1569.041044,FALSE,LCLK,LTFG,LTAF,LTAI,LLBG,LTAU,LTBS,LTAC,LTBJ,LTFJ,UBBB
KRT,HSSK,61,SD,Khartoum International Airport,15.5895,32.5532,3235.656334,FALSE,OEJN,LLBG,OERK,LCLK,OEDF,OKBK,LTFG,OBBI,OTHH,LTAI,UBBB
SJO,MROC,64,CR,Juan Santamaria International Airport,9.99386,-84.2088,12715.29768,FALSE,KORD,LEMG,EINN,DAAG,EGLL,EGGW,EGSS,EBBR,EHAM,EHEH,UBBB
BXO,LSZC,43,CH,Buochs Airport,46.9744,8.39694,3391.146246,FALSE,LIMC,LIME,EDDF,EDFH,ELLX,EDDM,EDDK,EHEH,EBBR,EDDP,UBBB
TIA,LATI,48,IR,Tirana International Airport,41.4147,19.7206,2542.855268,FALSE,LYBE,LGAV,LDZA,LHBP,LZIB,LTBJ,LTFM,LTBA,LTFJ,LTBS,UBBB
PAP,MTPP,48,HT,Toussaint L'Ouverture International Airport,18.58,-72.2925,11171.32668,FALSE,KORD,LEMG,EINN,DAAG,EGLL,EGGW,EGSS,EBBR,EHAM,EHEH,UBBB
PAP,MTPP,48,HT,Toussaint Louverture International Airport,18.58,-72.2925,11171.32668,FALSE,KORD,LEMG,EINN,DAAG,EGLL,EGGW,EGSS,EBBR,EHAM,EHEH,UBBB
KIN,MKJP,46,JM,Norman Manley International Airport,17.9357,-76.7875,11530.28267,FALSE,KORD,LEMG,EINN,DAAG,EGLL,EGGW,EGSS,EBBR,EHAM,EHEH,UBBB
VTE,VLVT,45,LA,Wattay International Airport,17.9883,102.563,5581.640567,FALSE,VVNB,VVTS,VHHH,VGHS,WSSS,ZHCC,ZSPD,ZBAA,VIDP,VABB,UBBB
ANU,TAPA,40,AG,V. C. Bird International Airport,17.1367,-61.7927,10528.56492,FALSE,KORD,LEMG,EINN,DAAG,EGLL,EGGW,EGSS,EBBR,EHAM,ELLX,UBBB
GND,TGPY,39,GD,Maurice Bishop International Airport,12.0042,-61.7862,10927.46952,FALSE,KORD,LEMG,EINN,DAAG,EGLL,EGGW,EGSS,EBBR,ELLX,EHAM,UBBB
VNO,EYVI,60,LT,Vilnius Airport,54.6341,25.2858,2417.328875,FALSE,EVRA,UMMS,EFHK,UKBB,ULLI,LHBP,LZIB,LYBE,UUWW,UUEE,UBBB
TMS,FPST,39,ST,Sao Tome International Airport,0.378175,6.71215,6230.880819,FALSE,DAAG,LEMG,OEJN,LGAV,LLBG,LTBS,LTBJ,LTAI,LCLK,LTFG,UBBB
SLU,TLPC,0,LC,George F. L. Charles Airport,14.0202,-60.9929,10709.87428,FALSE,KORD,LEMG,EINN,DAAG,EGLL,EGGW,EGSS,EBBR,ELLX,EHAM,UBBB
MVD,SUMU,55,UY,Carrasco Gral. Cesareo L. Berisso International Airport,-34.8384,-56.0308,13661.08269,FALSE,KORD,LEMG,DAAG,EINN,EGLL,EGGW,LIMC,EGSS,LIME,ELLX,UBBB
CCS,SVMI,0,VE,Simon Bolivar International Airport,10.6012,-66.9912,11437.90118,FALSE,KORD,LEMG,EINN,DAAG,EGLL,EGGW,EGSS,EBBR,ELLX,EHAM,UBBB
CCS,SVMI,34,VE,Simon Bolivar International Airport,10.6012,-66.9912,11437.90118,FALSE,KORD,LEMG,EINN,DAAG,EGLL,EGGW,EGSS,EBBR,ELLX,EHAM,UBBB
PBM,SMJP,31,SR,Johan Adolf Pengel International Airport,5.45283,-55.1878,10895.0408,FALSE,KORD,LEMG,EINN,DAAG,EGLL,EGGW,EGSS,EBBR,LIMC,ELLX,UBBB
DOM,TDPD,29,DM,Douglas-Charles Airport,15.547,-61.3,10615.0247,FALSE,KORD,LEMG,EINN,DAAG,EGLL,EGGW,EGSS,EBBR,EHAM,ELLX,UBBB
ZSA,MYSM,38,BS,San Salvador Airport (Cockburn Town Airport),24.0633,-74.524,10854.69817,FALSE,KORD,LEMG,EINN,DAAG,EGLL,EGGW,EGSS,EBBR,EHAM,EHEH,UBBB
NCE,LFMN,31,FR,Nice Cote d'Azur Airport,43.6584,7.21587,3523.251518,FALSE,LIMC,LIME,ELLX,EDFH,EDDF,EDDM,EDDK,EBBR,EHEH,DAAG,UBBB
SKP,LWSK,32,MK,Skopje Alexander the Great Airport,41.9616,21.6214,2378.618165,FALSE,LYBE,LGAV,LHBP,LTBJ,LDZA,LTFM,LTBA,LZIB,LTFJ,LTBS,UBBB
RAI,GVNP,27,CV,Nelson Mandela International Airport,14.9245,-23.4935,7563.892896,FALSE,LEMG,DAAG,EINN,EGLL,EGGW,EGSS,LIMC,LIME,EBBR,ELLX,UBBB
PNI,PTPN,26,FM,Pohnpei International Airport,6.9851,158.209,11019.37796,FALSE,RJAA,RJBB,ZSPD,RKSI,VHHH,VVTS,ZHCC,ZBAA,VVNB,WSSS,UBBB
IUE,NIUE,0,NU,Niue International Airport (Hanan Int'l),-19.079,-169.926,15542.19043,FALSE,KORD,LEMG,EINN,DAAG,EGLL,EGGW,EGSS,EBBR,EHAM,EHEH,UBBB
TGD,LYPG,24,ME,Podgorica Airport,42.3594,19.2519,2569.120844,FALSE,LYBE,LDZA,LHBP,LZIB,LGAV,LTBJ,LTFM,EDDM,LTBA,LIME,UBBB
RAR,NCRG,0,CK,Rarotonga International Airport,-21.2027,-159.806,16482.25075,FALSE,KORD,LEMG,EINN,DAAG,EGLL,EGGW,EGSS,EBBR,EHAM,EHEH,UBBB
INU,ANYN,21,NR,Nauru International Airport,-0.547458,166.919,12294.63516,FALSE,RJAA,RJBB,ZSPD,RKSI,VHHH,VVTS,WSSS,ZHCC,ZBAA,VVNB,UBBB
GEO,SYCJ,24,GY,Cheddi Jagan International Airport,6.49855,-58.2541,11067.2239,FALSE,KORD,LEMG,EINN,DAAG,EGLL,EGGW,EGSS,EBBR,ELLX,LIMC,UBBB
POS,TTPP,29,TT,Piarco International Airport,10.5954,-61.3372,11001.2827,FALSE,KORD,LEMG,EINN,DAAG,EGLL,EGGW,EGSS,EBBR,ELLX,EHAM,UBBB
SVD,TVSA,15,VC,Argyle International Airport,13.1443,-61.2109,10794.53223,FALSE,KORD,LEMG,EINN,DAAG,EGLL,EGGW,EGSS,EBBR,ELLX,EHAM,UBBB
LEU,LESU,12,ES,La Seu d'Urgell Airport,42.3386,1.40917,4016.448171,FALSE,DAAG,LIMC,LEMG,ELLX,LIME,EBBR,EGLL,EDFH,EGSS,EGGW,UBBB
LEU,LESU,12,ES,Andorra-La Seu Airport,42.3386,1.40917,4016.448171,FALSE,DAAG,LIMC,LEMG,ELLX,LIME,EBBR,EGLL,EDFH,EGSS,EGGW,UBBB
ZRH,LSZH,10,CH,Zurich Airport,47.4647,8.54917,3377.098282,FALSE,LIMC,LIME,EDDF,EDFH,ELLX,EDDM,EDDK,EHEH,EBBR,EDDP,UBBB
KIV,LUKK,12,MD,Chisinau International Airport,46.9277,28.931,1839.948729,FALSE,UKBB,LTFM,LTBA,LTFJ,UMMS,LTAC,LTBJ,LYBE,LHBP,LTAI,UBBB
ASM,HHAS,7,ER,Asmara International Airport,15.2919,38.9107,2991.764563,FALSE,OEJN,OERK,OEDF,OBBI,OTHH,OKBK,LLBG,OMAA,OMDW,OMDB,UBBB
MGA,MNMG,11,NI,Augusto C. Sandino International Airport,12.1415,-86.1682,12648.10646,FALSE,KORD,LEMG,EINN,DAAG,EGLL,EGGW,EGSS,EBBR,EHAM,EHEH,UBBB
FNJ,ZKPY,0,KP,Pyongyang Sunan International Airport,39.2241,125.67,6261.23135,FALSE,RKSI,ZSPD,ZBAA,RJBB,ZHCC,RJAA,VHHH,VVNB,VVTS,UNKL,UBBB
